City_ID,City,Country,Max Temp,Current Description,Lat,Lng,Hotel Name
2,Geraldton,AU,59.0,overcast clouds,-28.77,114.6,Broadwater Mariner Resort
6,Sambava,MG,65.64,clear sky,-14.27,50.17,Melrose
7,Cape Town,ZA,57.2,clear sky,-33.93,18.42,Southern Sun Waterfront Cape Town
9,Atuona,PF,78.42,overcast clouds,-9.8,-139.03,Villa Enata
11,Port Hardy,CA,62.6,broken clouds,50.7,-127.42,Airport Inn
12,Axim,GH,75.09,broken clouds,4.87,-2.24,AXIM BEACH RESORT AND SPA
14,Puerto Ayora,EC,68.0,overcast clouds,-0.74,-90.35,Finch Bay Galapagos Hotel
15,Rikitea,PF,73.42,clear sky,-23.12,-134.97,Pension Maro'i
19,Quthing,LS,53.89,light rain,-30.4,27.7,Mountainside Hotel
20,Nouadhibou,MR,80.6,overcast clouds,20.93,-17.03,El Medina
21,East London,ZA,63.16,overcast clouds,-33.02,27.91,Tu Casa
23,Kodiak,US,55.4,heavy intensity rain,57.79,-152.41,Best Western Kodiak Inn and Convention Center
24,Mount Isa,AU,77.0,clear sky,-20.73,139.5,ibis Styles Mt Isa Verona
25,Codrington,AU,57.22,few clouds,-38.27,141.97,Codrington Gardens Bed And Breakfast
26,Fraga,ES,66.0,broken clouds,41.52,0.35,Hotel Casanova
27,Jamestown,US,68.0,clear sky,42.1,-79.24,Hampton Inn & Suites Jamestown
29,Crixas,BR,79.45,clear sky,-14.55,-49.97,RISO HOTEL
30,Berlevag,NO,50.0,broken clouds,70.86,29.09,Kvitbrakka
31,Calvinia,ZA,53.62,clear sky,-31.47,19.78,Die Lemoenhuis
32,Anloga,GH,77.0,scattered clouds,5.79,0.9,Dey Lodge
33,Butaritari,KI,83.89,overcast clouds,3.07,172.79,Isles Sunset Lodge
34,Kuchinarai,TH,82.0,few clouds,16.54,104.05,‡πÇ‡∏£‡∏á‡πÅ‡∏£‡∏°‡πÅ‡∏™‡∏á‡∏ä‡∏±‡∏¢
35,Porto Novo,BJ,75.27,broken clouds,6.5,2.6,Tour Eiffel Hotel Benin
36,Bengkulu,ID,75.02,overcast clouds,-3.8,102.27,Grage Hotel Bengkulu
39,Xai-Xai,MZ,61.56,clear sky,-25.05,33.64,Platinum Hotel
40,Cayenne,GF,80.6,scattered clouds,4.93,-52.33,H√¥tel Le Dronmi
41,Hilo,US,87.8,clear sky,19.73,-155.09,Hilo Hawaiian Hotel
43,Avarua,CK,73.4,scattered clouds,-21.21,-159.78,Paradise Inn
44,Bud,US,77.0,clear sky,39.45,-86.18,Madsion Scouts Camp
45,Beirut,LB,82.4,clear sky,33.89,35.49,Crowne Plaza Beirut
48,Sibolga,ID,76.1,overcast clouds,1.74,98.78,Hotel Syariah CN Darussalam
49,Port Alfred,ZA,59.0,scattered clouds,-33.59,26.89,The Halyards Hotel
50,Biltine,TD,78.51,clear sky,14.53,20.92,H√¥tel Trois √âtoiles de Biltine
53,Airai,TL,62.96,few clouds,-8.93,125.41,Juvinal Martin
54,Coquimbo,CL,55.4,overcast clouds,-29.95,-71.34,Hotel San Juan
56,Hermanus,ZA,55.99,clear sky,-34.42,19.23,Misty Waves Boutique Hotel
59,Port-Gentil,GA,77.0,scattered clouds,-0.72,8.78,Fengshui Residence
61,Yaring,TH,77.81,heavy intensity rain,6.87,101.37,My Home Pokku
62,Alto Longa,BR,81.5,broken clouds,-5.25,-42.21,pousada E Restaurante Long√°
63,Phangnga,TH,77.0,few clouds,8.45,98.53,Rattanapong Hotel
66,Kapaa,US,86.0,few clouds,22.08,-159.32,Sheraton Kauai Resort at Coconut Beach
67,Kavieng,PG,83.12,light rain,-2.57,150.8,Nusa Island Retreat
68,Isangel,VU,75.92,overcast clouds,-19.55,169.27,Volcano Sea View Tree House
71,Sao Lourenco Do Sul,BR,55.99,overcast clouds,-31.37,-51.98,Hotel Pousada Verde √Ågua
72,Castro,BR,65.52,clear sky,-24.79,-50.01,CHACARA BAILLY
73,Truro,GB,57.99,broken clouds,50.27,-5.05,Mannings Hotel
74,Cabo San Lucas,MX,84.99,scattered clouds,22.89,-109.91,Hotel Tesoro Los Cabos
76,Nikolskoye,RU,54.0,clear sky,59.7,30.79,Tourist House - Sablino
77,Bima,ID,74.77,few clouds,-8.47,118.72,Lambitu Hotel
79,Terrace Bay,CA,56.91,overcast clouds,48.78,-87.1,Drifters Motel & Restaurant
80,Marsh Harbour,BS,84.4,overcast clouds,26.54,-77.06,Abaco Beach Resort
82,Vaini,TO,73.4,broken clouds,-21.2,-175.2,Keleti Beach Resort
83,Hobart,AU,61.0,broken clouds,-42.88,147.33,St Ives Hobart Accommodation Tasmania
85,Vila Velha,BR,77.0,clear sky,-20.33,-40.29,Hotel Vit√≥ria Palace
87,Namibe,AO,67.1,broken clouds,-15.2,12.15,Hotel Chik Chik Namibe
89,Saint-Philippe,RE,66.2,scattered clouds,-21.36,55.77,"Chambres d'h√¥te ""La Trinit√©"""
90,Salalah,OM,78.8,broken clouds,17.02,54.09,HAMDAN PLAZA HOTEL
91,Puri,IN,82.4,haze,19.8,85.85,OYO 1577 Hotel Shree Hari Grand
93,Peleduy,RU,55.17,overcast clouds,59.63,112.74,–ì–æ—Å—Ç–∏–Ω–∏—Ü–∞ ¬´–£—é—Ç¬ª
96,Kanbe,MM,78.8,broken clouds,16.71,96.0,CBT Mingalar Bar Bio Garden
97,Ferme-Neuve,CA,56.53,overcast clouds,46.7,-75.45,Pourvoirie Club Fontbrune Ltee
98,Ponta Do Sol,PT,73.4,few clouds,32.67,-17.1,Hotel do Campo
99,Sitka,US,60.8,scattered clouds,57.05,-135.33,Westmark Sitka
100,Suzhou,CN,80.01,clear sky,31.31,120.62,Holiday Inn Jasmine Suzhou
101,Kamiiso,JP,75.2,broken clouds,41.82,140.65,„Éì„Ç∏„Éç„ÇπÊ∞ëÂÆø„ÅÇ„Åπ
102,Madikeri,IN,65.93,overcast clouds,12.42,75.73,Club Mahindra Madikeri Resort In Coorg
103,Norman Wells,CA,55.4,broken clouds,65.28,-126.83,Heritage Hotel
105,Sioux Lookout,CA,60.8,scattered clouds,50.1,-91.92,Knobby's Fly-In Camps
107,Lafiagi,NG,73.56,scattered clouds,8.87,5.42,EMI SONMASUN BINDOFUL LAFIAGI
109,Hambantota,LK,79.74,overcast clouds,6.12,81.12,Bungalow 63
110,Georgetown,MY,80.6,light rain,5.41,100.34,Cititel Penang
111,Carnarvon,AU,66.2,scattered clouds,-24.87,113.63,Hospitality Carnarvon
113,Powell River,CA,75.0,broken clouds,49.85,-124.54,Rodmay Hotel
114,New Norfolk,AU,59.0,broken clouds,-42.78,147.06,The Shingles Riverside Cottages
115,Moura,PT,71.6,clear sky,38.14,-7.45,Hotel de Moura
117,Quatre Cocos,MU,69.8,light intensity shower rain,-20.21,57.76,Emeraude Beach Attitude Hotel
119,Husavik,IS,55.4,broken clouds,66.04,-17.34,Bjarnab√∫√∞
120,Puerto Baquerizo Moreno,EC,66.27,broken clouds,-0.9,-89.6,Hotel los Algarrobos
121,Altay,CN,54.21,overcast clouds,47.87,88.12,Jinqiao Hotel
122,Kununurra,AU,73.4,overcast clouds,-15.77,128.73,Hotel Kununurra
125,Los Llanos De Aridane,ES,73.4,few clouds,28.66,-17.92,Valle Aridane
126,Lorengau,PG,84.2,clear sky,-2.02,147.27,Lorengau Harbourside Hotel
127,Arraial Do Cabo,BR,72.84,clear sky,-22.97,-42.03,Pousada Porto Praia
128,Kaohsiung,TW,79.0,scattered clouds,22.62,120.31,Kindness Hotel
129,Sinnamary,GF,79.14,broken clouds,5.38,-52.95,ALETHEIA Appartement Sinnamary
130,Ancud,CL,50.0,clear sky,-41.87,-73.82,Hotel Arena Gruesa
131,Havelock,US,81.0,scattered clouds,34.88,-76.9,Sherwood Motel
132,Hamilton,US,80.6,clear sky,39.18,-84.53,Six Acres Bed & Breakfast
133,Nemuro,JP,68.34,overcast clouds,43.32,145.57,Hotel Nemuro Kaiyoutei
135,Guane,CU,83.48,clear sky,22.2,-84.09,base de Campismo LosPortales de Guane
137,Kajaani,FI,50.0,few clouds,64.23,27.73,Original Sokos Hotel Valjus
138,Muisne,EC,78.8,broken clouds,0.6,-80.03,Quinta Samay
139,Noumea,NC,73.99,overcast clouds,-22.28,166.46,H√¥tel Le Lagon
140,Bermejo,AR,59.0,scattered clouds,-32.88,-68.8,Hotel Mendoza
142,Cidreira,BR,58.96,overcast clouds,-30.18,-50.21,Hotel Castelo
143,Soyo,AO,72.88,broken clouds,-6.13,12.37,Hotel Mpampa
144,Oktyabrskoye,RU,64.4,overcast clouds,43.06,44.74,Prolesok Mini-hotel
145,Amahai,ID,78.1,overcast clouds,-3.33,128.92,Peternakan Ayam Bangkok Manisso
146,Mnogovershinnyy,RU,54.21,overcast clouds,53.94,139.92,Kvartsevaya Sopka
147,Ribeira Grande,PT,69.1,few clouds,38.52,-28.7,Quinta da Meia Eira
148,Guilin,CN,77.0,mist,25.28,110.29,Grand 0773 Hotel
149,Gusau,NG,72.23,overcast clouds,12.16,6.66,Dr. Salisu Ibrahim
151,Cockburn Town,TC,84.2,scattered clouds,21.46,-71.14,Osprey Beach Hotel
153,Port Elizabeth,ZA,57.2,light intensity drizzle,-33.92,25.57,39 On Nile Guest House
154,Muros,ES,57.99,clear sky,42.78,-9.06,Apartment Av. Castelao
155,San Vicente,AR,66.69,light rain,-26.62,-54.13,Complejo Tur√≠stico Farelluk
156,Fort Nelson,CA,53.6,broken clouds,58.81,-122.7,The Fort Nelson Hotel
157,Farsund,NO,55.0,clear sky,58.09,6.8,Farsund Fjordhotel
158,San Policarpo,PH,80.47,overcast clouds,12.18,125.51,Zal-Ann Beach Resort
159,Clarksdale,US,90.0,scattered clouds,34.2,-90.57,Americas Best Value Inn & Suites
164,Severo-Kurilsk,RU,56.86,overcast clouds,50.68,156.12,Kak Doma
165,Mwense,ZM,65.59,clear sky,-10.38,28.7,GrandPalm Lodge
166,Sao Filipe,CV,77.95,scattered clouds,14.9,-24.5,Tortuga B&B
168,Coihaique,CL,50.0,scattered clouds,-45.58,-72.07,Diego De Almagro Coyhaique
169,Tucurui,BR,82.98,scattered clouds,-3.77,-49.67,BBB Rooms Centro Tucurui PA
170,Tura,IN,74.01,moderate rain,25.52,90.22,Hotel RIKMAN Continental
171,Iquitos,PE,87.8,scattered clouds,-3.75,-73.25,Cortez Malaga Techy Caroly
172,Hanzhong,CN,64.72,clear sky,33.07,107.03,Guorui Hotel
173,Ixtapa,MX,86.0,overcast clouds,20.7,-105.2,Container Inn Puerto Vallarta
175,Fukue,JP,75.92,overcast clouds,32.69,128.84,Goto Guesthouse Utojuku & SA Car Rental
176,Bacalar,MX,87.8,scattered clouds,18.67,-88.38,Hotel Laguna Bacalar
179,Iqaluit,CA,51.8,broken clouds,63.75,-68.51,Frobisher Inn
180,Gloucester,GB,57.0,scattered clouds,51.87,-2.24,Edward Hotel
181,Caibarien,CU,82.4,broken clouds,22.52,-79.47,La Nena
182,Mashhad,IR,64.4,clear sky,36.3,59.61,Almas 1 Hotel
183,Camapua,BR,83.01,broken clouds,-19.53,-54.04,Comercial Estrela
184,Bahia Honda,CU,81.99,clear sky,22.9,-83.16,Casa Gualberto - Deysi
185,Flinders,AU,66.0,clear sky,-34.58,150.86,Shellharbour Resort & Conference Centre
186,Lupiro,TZ,69.46,few clouds,-8.38,36.67,AFRICAN JACCANA EXECUTIVE LODGE
187,Auki,SB,83.32,light rain,-8.77,160.7,Auki Motel
188,Blois,FR,53.01,clear sky,47.58,1.33,Appart'City Blois - Appart H√¥tel
190,Caravelas,BR,72.01,scattered clouds,-17.71,-39.25,Pousada dos Navegantes
191,Quelimane,MZ,69.8,few clouds,-17.88,36.89,Hotel Flamingo
192,Grand Forks,US,71.6,broken clouds,47.93,-97.03,TownHouse Hotel - Grand Forks
193,Salinopolis,BR,80.08,few clouds,-0.61,-47.36,Hotel Salin√≥polis
194,Bambous Virieux,MU,69.8,light intensity shower rain,-20.34,57.76,Casa Tia Villa
195,Hasaki,JP,82.4,shower rain,35.73,140.83,Inubosaki Kanko Hotel
196,Athabasca,CA,53.11,overcast clouds,54.72,-113.29,Athabasca Lodge Motel
197,Ziro,IN,57.94,overcast clouds,27.63,93.83,Ka-ngam homestay
198,Palmer,US,78.8,scattered clouds,42.16,-72.33,Wedgewood Motel
200,Netarhat,IN,68.58,overcast clouds,23.48,84.27,Hotel Prakash
201,Peachland,CA,86.0,clear sky,49.77,-119.74,Wine Stopper B&B
202,Faanui,PF,78.13,light rain,-16.48,-151.75,Bora-Bora Pearl Beach Resort & Spa
203,Sotouboua,TG,70.03,overcast clouds,8.57,0.98,H√¥tel Les Pros
204,San Pedro De Uraba,CO,86.0,scattered clouds,8.28,-76.38,Hotel La Gran Manzana
205,Alice Springs,AU,75.0,clear sky,-23.7,133.88,Desert Palms Alice Springs
206,Nome,US,54.0,broken clouds,64.5,-165.41,Dredge 7 Inn
207,Puerto Colombia,CO,73.4,broken clouds,10.99,-74.95,Hotel El Emigrante
208,Coahuayana,MX,77.0,thunderstorm,18.73,-103.68,Hotel Los Arcos
209,Coolum Beach,AU,64.0,light rain,-26.53,153.1,Palmer Coolum Resort
211,Berbera,SO,88.18,clear sky,10.44,45.01,Damal Hotel
212,Praia Da Vitoria,PT,69.01,broken clouds,38.73,-27.07,Hotel Branco I
213,Mount Gambier,AU,62.6,broken clouds,-37.83,140.77,Commodore on the Park
214,Poli,TZ,55.78,broken clouds,-3.33,36.8,Peace Matunda Campsite and Backpackers
215,Cervena Voda,CZ,57.0,light rain,50.04,16.74,Kram√°≈ôova chata na Such√©m vrchu
216,Champerico,GT,80.6,thunderstorm with rain,14.3,-91.92,"Hotel y restaurante ""El Diamante"""
217,Belyy Yar,RU,50.0,overcast clouds,53.6,91.39,Pasportnyy Stol
218,Padang,ID,76.12,broken clouds,-0.95,100.35,Mercure Padang
219,Hithadhoo,MV,82.04,overcast clouds,-0.6,73.08,Scoop Guest House
220,Kruisfontein,ZA,53.01,clear sky,-34.0,24.73,Oyster Bay House Rental
221,Torbay,CA,60.01,broken clouds,47.67,-52.73,Gallows Cove
223,Porto Belo,BR,66.99,broken clouds,-27.16,-48.55,Costa Verde Beach Hotel
224,Fortuna,US,89.01,clear sky,40.6,-124.16,Super 8 by Wyndham Fortuna
225,Hovd,MN,55.99,moderate rain,48.01,91.64,Hotel Khovd
228,Zhucheng,CN,68.23,clear sky,35.99,119.4,Fanrong Hotel
230,Dingle,PH,80.08,broken clouds,11.0,122.67,Camp Pasica
232,Broome,US,71.01,clear sky,42.25,-75.83,Chenango Valley State Park
234,Salas,ES,62.6,scattered clouds,43.41,-6.26,Hotel Castillo Valdes Salas
236,Riviere-Du-Loup,CA,55.11,clear sky,47.83,-69.53,H√¥tel Universel
237,Yarim,YE,58.37,few clouds,14.3,44.38,ÿ®ŸÇÿßŸÑŸá ÿßÿ®Ÿà ŸÖÿ≠ÿ∏ÿßÿ±
238,Comodoro Rivadavia,AR,51.8,clear sky,-45.87,-67.5,Austral Hotel
239,Khuzdar,PK,76.86,clear sky,27.74,66.64,jhalwan Rent A Car Moola Chotok Boking Office
242,Jinchang,CN,63.82,clear sky,38.5,102.17,Mingshihui Jinchang International Hotel
244,Hirara,JP,80.6,few clouds,24.8,125.28,Hotel Atoll Emerald Miyakojima
245,Savannah Bight,HN,82.74,broken clouds,16.45,-85.85,Villa on Dunbar Rock
246,Hobyo,SO,76.08,clear sky,5.35,48.53,Osmani Hotel
247,Roald,NO,51.8,light rain,62.58,6.13,Flem Cabins
248,Goderich,CA,72.0,scattered clouds,43.75,-81.72,Harmony Inn
249,Santa Helena De Goias,BR,78.94,clear sky,-17.81,-50.6,Hotel Pacheco
250,Pontes E Lacerda,BR,85.03,scattered clouds,-15.23,-59.34,Hotel Bressan
252,Lancaster,US,79.0,clear sky,40.25,-76.25,Refreshing Mountain Retreat and Adventure Center
254,Daru,PG,78.94,overcast clouds,-9.08,143.21,New century hotel
255,Vanimo,PG,82.72,broken clouds,-2.67,141.3,Vahmoneh Lodge Vanimo
257,Kapuskasing,CA,60.8,overcast clouds,49.42,-82.43,Park Inn Motel
258,Mahebourg,MU,69.8,light intensity shower rain,-20.41,57.7,Shandrani Beachcomber Resort & Spa
259,Kedgwick,CA,51.58,scattered clouds,47.64,-67.34,A la Belle Etoile
260,Barranca,PE,60.4,broken clouds,-10.75,-77.77,El Olivar Hospedaje
261,Fare,PF,78.49,light rain,-16.7,-151.02,Maitai Lapita Village Huahine
262,Vredendal,ZA,58.41,clear sky,-31.67,18.5,Tharrakamma Guest House
264,Grand Gaube,MU,66.99,moderate rain,-20.01,57.66,Veranda Paul et Virginie Hotel & Spa
265,Koutiala,ML,73.18,moderate rain,12.39,-5.46,Hotel Campement Poule Verte
266,Mayo,US,79.0,clear sky,38.89,-76.51,Resorts Resource Group International
267,Dargaville,NZ,57.76,light rain,-35.93,173.88,Parkview Motel
272,Kijang,KR,77.0,heavy intensity rain,35.24,129.21,Brown Dot Gijang Yeonhwari
275,Kota Bahru,MY,75.2,few clouds,6.13,102.24,Grand Riverview Hotel
276,Marmashen,AM,59.0,clear sky,40.83,43.78,Hotel Gold
277,Sechura,PE,68.47,clear sky,-5.56,-80.82,Hospedaje Costa Bella
278,Samarai,PG,78.96,overcast clouds,-10.62,150.67,Nuli Sapi
280,Methoni,GR,77.0,clear sky,36.82,21.7,Methoni Beach Hotel
281,Mitsamiouli,KM,74.71,clear sky,-11.38,43.28,Foyer ADM
282,Tarata,BO,73.4,broken clouds,-17.62,-66.02,TARA TARA Centro Alternativo Hosting
283,Pisco,PE,64.99,few clouds,-13.7,-76.22,Hostal San Isidro Oficial
284,Cabinda,AO,73.18,scattered clouds,-5.55,12.2,"Hotel Executivo , 3 estrelas"
286,Energeticheskiy,KZ,62.6,overcast clouds,43.43,77.02,–ë–∞–Ω—è Land
287,Jibuti,DJ,86.0,clear sky,11.5,42.5,Orchid Main Camp Goubet
288,Masterton,NZ,54.0,scattered clouds,-40.96,175.66,Copthorne Hotel & Resort Solway Park Wairarapa
290,Malim,PH,81.09,overcast clouds,7.45,123.43,Malim
291,Praya,CV,80.6,broken clouds,14.92,-23.51,LT Aparthotel
293,Kavaratti,IN,82.76,overcast clouds,10.57,72.64,Hotels in Lakshadweep Islands
294,Kutum,SD,77.2,scattered clouds,14.2,24.67,Dibbo areaŸÖŸÜÿ∑ŸÇÿ© ÿØÿ®Ÿà
295,College,US,60.01,scattered clouds,64.86,-147.8,Pike's Waterfront Lodge
296,Springbok,ZA,52.9,clear sky,-29.66,17.89,Undulata Country Lodge
297,Gorontalo,ID,77.32,few clouds,0.54,123.06,Maqna Hotel by Prasanthi
298,Victoria,HK,84.0,light rain,22.29,114.16,Mini Hotel Central
303,Pran Buri,TH,80.38,overcast clouds,12.38,99.91,Waterside Resort
304,Swan Hill,AU,58.24,light rain,-35.34,143.55,Lazy River Motor Inn
305,Narok,KE,58.28,light rain,-1.08,35.86,OLORROPIL TOWERS
306,Saldanha,ZA,51.8,clear sky,-33.01,17.94,Blue Bay Lodge
307,Grindavik,IS,50.0,light intensity drizzle rain,63.84,-22.43,Northern Light Inn & Max's Restaurant
308,Bayonet Point,US,82.0,thunderstorm,28.33,-82.68,Holiday Inn Express & Suites Port Richey
309,Touros,BR,75.2,broken clouds,-5.2,-35.46,INN NEW HORIZON
310,Alexandria,EG,78.8,scattered clouds,31.22,29.96,Royal Crown Hotel
311,Acapulco,MX,82.4,overcast clouds,16.86,-99.89,HS Hotsson Smart Acapulco
312,Kostyantynivka,UA,64.22,scattered clouds,48.53,37.71,Fantaziya
315,Kozhva,RU,51.12,scattered clouds,65.11,57.05,Gostinicha IP Kayuda Olga Aleksandrovna
316,Buala,SB,84.67,light rain,-8.14,159.59,Maringe Lagoon Lodge
318,Marsa Matruh,EG,77.0,clear sky,31.35,27.25,Beau Site
319,Kisangani,CD,70.36,broken clouds,0.52,25.2,Grand Ramela Hotel
321,Grafton,US,73.4,few clouds,42.21,-71.69,The Grafton Inn
322,Villa Del Rosario,CO,84.2,scattered clouds,7.83,-72.47,Hotel Villas de San Diego
324,San Jeronimo,PE,59.34,broken clouds,-11.95,-75.28,Tuki Llajta Pueblo Bonito Eco Lodge
325,Hannibal,US,87.8,clear sky,39.71,-91.36,Country Hearth Inn Hannibal
326,Serra Negra,BR,82.4,clear sky,-22.61,-46.7,Shelton Hotel
327,Buyukcavuslu,TR,64.4,clear sky,41.24,28.06,Villa G√º√ßi√º Boutique Hotel
328,Revelstoke,CA,80.6,broken clouds,50.98,-118.2,Best Western Plus Revelstoke
330,Westport,US,75.99,broken clouds,41.14,-73.36,The Westport Inn
331,Abrau-Dyurso,RU,64.4,scattered clouds,44.69,37.59,Avgustin Inn
332,Tawau,MY,75.2,few clouds,4.25,117.89,Shervinton Executive Boutique Hotel
334,Hokitika,NZ,56.5,clear sky,-42.72,170.97,Beachfront Hotel Hokitika
335,Durban,ZA,62.6,few clouds,-29.86,31.03,Hilton Durban
336,Dubrovnik,HR,68.0,clear sky,42.65,18.09,Hotel Dubrovnik Palace
337,Erenhot,CN,62.82,few clouds,43.65,111.98,Erenhot Rurouni Youth Hostel
338,Parambu,BR,73.9,few clouds,-6.21,-40.69,Hotel pousada santo onofre
340,Vao,NC,71.11,overcast clouds,-22.67,167.48,Hotel Kou-Bugny
342,Klaksvik,FO,50.0,light rain,62.23,-6.59,Airbnb rooms
343,Jalu,LY,76.89,clear sky,29.03,21.55,Jalu Hotel
344,Warrnambool,AU,57.0,few clouds,-38.38,142.48,Lady Bay Resort
345,Saint Anthony,US,82.4,clear sky,45.02,-93.22,Holiday Inn Express Roseville-St. Paul
346,Kalmunai,LK,78.67,overcast clouds,7.42,81.82,VS Villa
347,Kahului,US,89.6,few clouds,20.89,-156.47,Maui Seaside Hotel
348,Singapore,SG,78.8,scattered clouds,1.29,103.85,The Fullerton Hotel Singapore
349,Paternion,AT,57.0,moderate rain,46.71,13.64,Gasthof Zentral
350,Pokhara,NP,69.96,few clouds,28.23,83.98,Hotel View Point
351,Sadri,IN,78.91,broken clouds,25.18,73.43,Chandra Hill Resort
352,Wanning,CN,81.84,overcast clouds,18.8,110.4,Paradise Hotel
353,Dubbo,AU,59.0,clear sky,-32.25,148.62,Comfort Inn Blue Lagoon
356,Carnduff,CA,62.01,broken clouds,49.17,-101.8,Western Star All Suites Hotel Carnduff
357,Kendari,ID,75.69,broken clouds,-3.94,122.5,Hotel Wixel
358,Nipawin,CA,51.8,scattered clouds,53.37,-104.0,Tobin Lake Motel
360,Rawson,AR,52.32,clear sky,-43.3,-65.1,Hotel Punta Le√≥n
361,Majene,ID,78.33,broken clouds,-3.54,118.97,Kost Putri RABBANI
363,Bethel,US,75.2,broken clouds,41.37,-73.41,Courtyard by Marriott Danbury
364,Ajaccio,FR,68.0,broken clouds,42.0,8.92,Sole E Monte
368,Lasa,IT,51.8,light rain,46.62,10.7,Pension Feldg√§rtenhof
370,Kifri,IQ,87.84,clear sky,34.7,44.97,ŸÖ€åÿ≤ÿßŸÜ ⁄©ŸÅÿ±€å
371,Vad,RU,55.56,broken clouds,55.53,44.21,Riv'yera Rezort Otel'
372,Harrismith,ZA,50.85,scattered clouds,-28.27,29.13,Sir Harry's Lodge
373,Les Cayes,HT,81.88,overcast clouds,18.2,-73.75,Villa Orphee
374,Camacha,PT,71.6,few clouds,33.08,-16.33,Hotel Porto Santo & Spa
377,Kirando,TZ,77.79,broken clouds,-7.42,30.6,Lakeshore Lodge
378,Santa Fe,AR,62.01,overcast clouds,-31.63,-60.7,Conquistador Hotel
379,Port Hedland,AU,66.2,scattered clouds,-20.32,118.57,The Esplanade Hotel
381,Eraclea,IT,71.6,scattered clouds,45.58,12.68,eraclea
382,San Andres,CO,87.8,scattered clouds,12.58,-81.7,Hotel Arena Blanca
383,Saint-Georges,GD,86.0,few clouds,12.06,-61.75,Siesta Hotel
384,Saint-Pierre,RE,66.2,clear sky,-21.34,55.48,Lindsey H√¥tel
386,Wasilla,US,62.6,clear sky,61.58,-149.44,Alaska's Select Inn Wasilla
387,Bowen,AU,71.6,scattered clouds,-20.02,148.23,Castle Motor Lodge Motel
391,Seminole,US,88.0,broken clouds,28.71,-81.21,WHITNEY-WOLCOTT HOUSE ON LAKE CHARM
392,Skjervoy,NO,50.32,overcast clouds,70.03,20.97,Skjerv√∏y Byggeservice AS
394,Nieuw Amsterdam,SR,82.0,thunderstorm,5.88,-55.08,Hotel Stardust
395,Luau,AO,69.62,clear sky,-10.71,22.22,Kimbo Hotel
396,Kirakira,SB,78.85,overcast clouds,-10.45,161.92,SanBiz Lodge
397,Sorong,ID,77.49,overcast clouds,-0.88,131.25,The Waigo Hotel
398,Oyama,JP,81.0,light intensity shower rain,36.3,139.8,Toyoko Inn Oyama-eki Higashi-guchi No.1
400,Moerai,PF,69.93,overcast clouds,-22.43,-151.33,Le Manotel
401,Palkonda,IN,77.74,broken clouds,18.6,83.75,Mee Seva + Aadhaar Center
402,Northam,GB,57.99,broken clouds,51.03,-4.22,Durrant House Hotel
403,Brae,GB,50.0,overcast clouds,60.4,-1.35,Busta House Hotel
405,Kaitangata,NZ,53.01,few clouds,-46.28,169.85,Kaitangata Motor Camp
407,Verkhniy Fiagdon,RU,64.4,light rain,42.83,44.31,–ì–æ—Å—Ç–∏–Ω–∏—Ü–∞ –§–∏–∞–≥–¥–æ–Ω
409,Luganville,VU,79.72,broken clouds,-15.53,167.17,The Espiritu Hotel
410,Lubao,PH,78.8,broken clouds,14.92,120.55,Hacienda Gracia
411,Pyapon,MM,78.85,very heavy rain,16.28,95.68,Aung Naing Thu Motel
412,Tigzirt,DZ,72.37,clear sky,36.89,4.12,Appartement de la plage
413,Katsuura,JP,82.4,broken clouds,35.13,140.3,Katsuura Hotel Mikazuki
414,Trelleborg,SE,54.0,clear sky,55.38,13.16,Hotell Danneg√•rden
415,Itamarandiba,BR,64.44,clear sky,-17.86,-42.86,Aricanduva Hotel
416,Jatai,BR,77.61,clear sky,-17.88,-51.71,La Vitre Hotel
418,Magoula,GR,77.0,clear sky,38.08,23.52,Elefsina Hotel
419,Mehamn,NO,50.0,moderate rain,71.04,27.85,Mehamn Arctic Hotel AS
420,Santa,PH,79.75,overcast clouds,17.49,120.43,The Mansion
421,Ponta Delgada,PT,68.0,light intensity shower rain,37.73,-25.67,Vila Nova Hotel
422,Waingapu,ID,75.54,few clouds,-9.66,120.26,Pondok Wisata Elim
424,Inta,RU,52.59,scattered clouds,66.03,60.17,Apartments in Inta city
425,Tezu,IN,75.6,overcast clouds,27.92,96.17,Circuit House
427,Pokaran,IN,86.61,clear sky,26.92,71.92,Motel Pokaran - RTDC
430,Buchanan,LR,76.35,light rain,5.88,-10.05,Kamaneahn Hotel Inc
431,Maragogi,BR,73.18,clear sky,-9.01,-35.22,Salinas do Maragogi All Inclusive Resort
433,Moi,NO,55.0,clear sky,58.46,6.55,Moi Hotel
434,Bosaso,SO,88.59,few clouds,11.28,49.18,Red Sea Hotel
435,Svetlyy,RU,53.6,few clouds,54.67,20.13,"Gostinitsa-Kafe, Alena"
437,Mildura,AU,63.0,clear sky,-34.2,142.15,Mercure Hotel Mildura
440,Kingisepp,RU,50.88,scattered clouds,59.37,28.61,Narva
442,Mae Hong Son,TH,73.6,overcast clouds,19.3,97.97,Baiyoke Chalet Hotel
443,Tukrah,LY,74.17,clear sky,32.53,20.58,ÿßÿ≥ÿ™ÿ±ÿßÿ≠ÿ© ŸÑÿßŸÇÿ±Ÿàÿ™ÿß
444,Alofi,NU,77.0,broken clouds,-19.06,-169.92,Taloa Heights
446,Matara,LK,77.61,overcast clouds,5.95,80.54,Amaloh Boutique Resort
447,Malanje,AO,68.63,broken clouds,-9.54,16.34,Malanje Hotel
448,Naron,ES,64.0,clear sky,43.52,-8.15,Marcial
449,Port Lincoln,AU,66.79,overcast clouds,-34.73,135.87,Port Lincoln Hotel
450,Santa Isabel Do Rio Negro,BR,77.77,overcast clouds,-0.41,-65.02,Hotel GSA
451,Misratah,LY,79.27,scattered clouds,32.38,15.09,ŸÅŸÜÿØŸÇ ÿßŸÑŸÖÿßÿ≥ÿ©
452,Ahipara,NZ,57.78,broken clouds,-35.17,173.17,Ahipara Holiday Park
453,Lapeer,US,69.8,clear sky,43.05,-83.32,Holiday Inn Express Lapeer
454,Tangi,PK,73.4,haze,34.3,71.65,Gul faraz khan house
455,Saint-Joseph,RE,66.2,few clouds,-21.37,55.62,"""Plantation Bed and Breakfast"
456,Puerto Del Rosario,ES,73.4,few clouds,28.5,-13.86,Hotel JM Puerto del Rosario
457,Yenagoa,NG,74.46,overcast clouds,4.92,6.26,Amba Hotels Limited
458,Carballo,ES,60.8,clear sky,43.21,-8.69,Pazo do Souto
459,Neijiang,CN,69.22,clear sky,29.58,105.06,Han'an Hotel
460,Nabire,ID,79.93,overcast clouds,-3.37,135.48,Hotel Nusantara Nabire
461,Samfya,ZM,58.12,clear sky,-11.36,29.56,Chita Lodge Samfya
462,Payo,ID,72.36,overcast clouds,-3.75,103.64,Mess keban agung
463,Kemalpasa,TR,77.0,clear sky,38.43,27.42,Su Perisi Otel
466,Kudahuvadhoo,MV,82.4,light rain,2.67,72.89,Kudahuvadhoo Retreat
468,Atherton,GB,54.0,broken clouds,53.52,-2.49,The Mercury Motel
469,Altamira,BR,80.06,scattered clouds,-3.2,-52.21,Requinte Hotel
470,Antsohihy,MG,63.52,clear sky,-14.88,47.99,Hotel de Ville
471,Kalaleh,IR,71.6,clear sky,37.38,55.49,ÿπÿ∑ÿ± Ÿà ÿßÿØ⁄©ŸÑŸÜ Ÿæÿßÿ±ÿ≥€åÿ≥
472,Praia,CV,80.6,broken clouds,14.92,-23.51,LT Aparthotel
473,Bandarbeyla,SO,75.67,broken clouds,9.49,50.81,REER XOOSHLE GROUP
474,San Cosme Y Damian,PY,62.6,broken clouds,-27.32,-56.35,Posada Tur√≠stica Aguapey
475,Asau,RO,55.99,light rain,46.43,26.4,Casa Mika Ciobanus
476,Hamada,JP,77.85,overcast clouds,34.88,132.08,Shimane Hamada Washington Hotel Plaza
477,Brainerd,US,72.0,clear sky,46.36,-94.2,Holiday Inn Express & Suites Brainerd-Baxter
478,Mpanda,TZ,71.56,broken clouds,-6.37,31.04,CH Hotel - Mpanda
479,Chaman,PK,64.47,clear sky,30.92,66.45,Niamatt parda Center
480,Marshall,US,84.99,clear sky,34.38,-86.33,Lake Guntersville Bed and Breakfast
481,Sept-Iles,CA,53.6,few clouds,50.2,-66.38,Comfort Inn
482,Morehead,US,84.2,clear sky,37.27,-87.18,CCI Express Inn
483,Jacareacanga,BR,89.87,broken clouds,-6.22,-57.75,Casa do Ianüòé
484,Lima,PE,60.8,overcast clouds,-12.04,-77.03,Gran Hotel Bolivar Lima
485,Antigonish,CA,66.99,scattered clouds,45.62,-62.0,Claymore Inn and Suites
486,Hadejia,NG,77.65,scattered clouds,12.45,10.04,Access
488,Nantucket,US,71.6,clear sky,41.28,-70.1,Jared Coffin House
489,Gidole,ET,57.61,light rain,5.65,37.37,Shallom mekaneyesus church
491,Sorland,NO,51.21,overcast clouds,67.67,12.69,Sjybrygga fiskecamp
492,Impfondo,CG,71.04,overcast clouds,1.64,18.07,Pr√©fecture de la Likouala
493,The Valley,AI,86.0,shower rain,18.22,-63.06,CeBlue Villas & Beach Resort
494,Chumikan,RU,53.71,overcast clouds,54.72,135.31,Fortuna
496,Puerto Leguizamo,CO,79.48,broken clouds,-0.19,-74.78,la casona de juancho
498,Obera,AR,64.54,broken clouds,-27.49,-55.12,CABA√ëAS DORALIA
499,Sao Joao Da Barra,BR,73.31,scattered clouds,-21.64,-41.05,Pousada Porto De Canoas
502,Havoysund,NO,50.0,light intensity drizzle,71.0,24.66,Arctic View Glamping & Restaurant
503,Olafsvik,IS,50.05,overcast clouds,64.89,-23.71,Hotel Olafsvik
504,Whitehorse,CA,57.99,few clouds,60.72,-135.05,The Sternwheeler Hotel & Conference Centre
505,Lata,PT,71.01,clear sky,40.16,-8.33,Casa Maquia
506,Zaragoza,ES,64.4,clear sky,41.66,-0.88,Hotel Goya
507,Chapleau,CA,60.8,overcast clouds,47.84,-83.4,Nemegosenda Lake Lodge
508,Ritchie,ZA,55.4,clear sky,-29.04,24.6,Riverside country club
509,Souillac,MU,69.8,light intensity shower rain,-20.52,57.52,Bils' Villa
511,Kursk,RU,63.37,scattered clouds,51.73,36.19,"Gostinitsa Avrora, Kursk"
512,Harper,LR,76.51,overcast clouds,4.38,-7.72,Screensaver
514,Jablah,SY,73.4,clear sky,35.36,35.93,ŸÖÿØÿ±ÿ≥ÿ© ŸÖÿ≠ŸÖÿØ ÿ≥ÿπŸäÿØ ŸäŸàŸÜÿ≥ ÿßŸÑÿ´ÿßŸÜŸàŸäŸá
515,Belawan,ID,75.9,overcast clouds,3.78,98.68,Lilik Hidayat Pulungan
516,Santa Marta,CO,77.0,broken clouds,11.24,-74.2,Hotel La Ballena Azul
518,Byron Bay,AU,64.4,overcast clouds,-28.65,153.62,Backpackers Inn on the Beach
521,Plouzane,FR,55.4,fog,48.38,-4.62,R√©sidence Nemea Iroise Armorique
523,North Port,US,82.99,overcast clouds,27.04,-82.24,Warm Mineral Springs Motel
524,Dunedin,NZ,53.01,clear sky,-45.87,170.5,Scenic Hotel Southern Cross
525,Saint-Francois,FR,52.0,scattered clouds,46.42,3.91,Manoir Du Bonheur
526,Nouna,BF,73.94,overcast clouds,12.73,-3.87,H√¥tel Chez Rose-Marie
528,Jardim,BR,82.58,overcast clouds,-21.48,-56.14,Hotel Est√¢ncia
529,Gimli,CA,57.99,overcast clouds,50.63,-96.99,Lakeview Gimli Resort
530,New Agutaya,PH,82.89,overcast clouds,10.56,119.31,Club Agutaya
531,Broken Hill,AU,57.2,clear sky,-31.95,141.43,Daydream Motel & Cottages
532,Narrabri,AU,63.0,clear sky,-30.32,149.78,Crossroads Hotel
536,Beaverlodge,CA,53.6,overcast clouds,55.22,-119.44,Side Trax Inn
537,Nadvoitsy,RU,51.15,broken clouds,63.87,34.32,Sever Nadvoitsy
538,Fairbanks,US,60.01,clear sky,64.84,-147.72,Westmark Fairbanks Hotel & Conference Center
539,Owando,CG,72.39,overcast clouds,-0.48,15.9,Exaunel Hotel Owando
541,Vila,PT,60.01,clear sky,42.03,-8.16,Hotel Castrum Villae
543,Macherla,IN,77.99,clear sky,16.48,79.43,BHR
544,Lundazi,ZM,58.64,broken clouds,-12.29,33.18,Country 24 Lodge
546,Mana,GF,78.8,overcast clouds,5.66,-53.78,LE SAMANA
547,Boa Vista,BR,80.6,shower rain,2.82,-60.67,Aipana Plaza Hotel
548,Emerald,AU,70.0,clear sky,-23.53,148.17,The Irish Village
550,Itaituba,BR,84.63,scattered clouds,-4.28,-55.98,Hotel Campos
551,Macara,EC,80.98,few clouds,-4.38,-79.95,Hostal Macar√°
552,Castilho,BR,80.4,broken clouds,-20.87,-51.49,Casa dos Gadelha
553,Roblin,CA,53.42,overcast clouds,51.23,-101.36,Harvest Moon Inn
554,Villaviciosa,ES,64.0,overcast clouds,43.48,-5.44,Hotel Carlos I
555,Naqadeh,IR,70.57,clear sky,36.96,45.39,Camelot beauty shirin mohammadi.k
556,Bodden Town,KY,87.01,light intensity shower rain,19.28,-81.25,Will T Place
557,Vestmannaeyjar,IS,51.8,drizzle,63.44,-20.27,Glamping & Camping
558,Presidencia Roque Saenz Pena,AR,61.09,overcast clouds,-26.79,-60.44,Hotel Aconcagua
559,Tripoli,LY,82.92,broken clouds,32.88,13.19,Al Waddan Hotel
560,Kyabram,AU,55.99,clear sky,-36.32,145.05,Kyabram Motor Inn
561,Tuxtepec,MX,80.74,overcast clouds,18.1,-96.12,Hotel Tuxtepec
562,Kokkola,FI,53.01,overcast clouds,63.84,23.13,Hotel Kokkola
563,Levelek,HU,66.2,light rain,47.96,21.99,Leveleki Vend√©gh√°z - Egeres Tanya
564,Mossendjo,CG,71.38,broken clouds,-2.95,12.73,HOTEL D'ASSISE
565,Zhuanghe,CN,73.99,overcast clouds,39.7,122.99,Hanting Express Dalian Zhuanghe Qiansheng
567,Banda Aceh,ID,78.21,overcast clouds,5.56,95.32,OYO 884 Rumoh PMI Hotel
568,Ortona,IT,68.0,clear sky,42.35,14.4,La Casa del Palombaro
570,Manggar,ID,80.31,overcast clouds,-2.88,108.27,Guest Hotel
571,Rawlins,US,89.6,clear sky,41.79,-107.24,Holiday Inn Express Rawlins
572,Bathsheba,BB,82.4,shower rain,13.22,-59.52,Atlantis Hotel
573,Port Blair,IN,82.09,overcast clouds,11.67,92.75,Fortune Resort Bay Island
575,Medicine Hat,CA,59.0,overcast clouds,50.05,-110.67,Ramada Limited Medicine Hat
576,Jaisalmer,IN,84.52,clear sky,26.91,70.92,Hotel Fifu
577,Saint-Gabriel,CA,68.0,clear sky,46.3,-73.38,Auberge Le St Gab
578,Skender Vakuf,BA,62.6,clear sky,44.49,17.38,Motel Kanjon
579,Channel-Port Aux Basques,CA,57.54,clear sky,47.57,-59.14,St. Christopher's Hotel
580,Ayan,RU,54.16,overcast clouds,56.45,138.17,Gostinitsa
581,Haines Junction,CA,60.89,clear sky,60.75,-137.51,Parkside Inn
582,Bucerias,MX,86.0,overcast clouds,20.75,-105.33,Villa del Palmar Flamingos Beach Resort & Spa Riviera Nayarit
583,Roma,US,73.4,clear sky,43.21,-75.46,Wingate By Wyndham Rome
585,Guangyuan,CN,68.0,clear sky,32.44,105.82,Guangyuan Poetry Hotel
586,Bone,DE,54.0,clear sky,51.97,12.14,Sporthotel Wallwitz
587,Halifax,CA,69.01,few clouds,44.65,-63.57,Hotel Halifax
588,Minsk,BY,50.0,fog,53.9,27.57,Minsk Hotel
590,Plettenberg Bay,ZA,56.84,clear sky,-34.05,23.37,Thanda Vista B&B
591,Constitucion,CL,52.3,clear sky,-35.33,-72.42,Hotel Boutique Las Azucenas
592,Chapais,CA,55.4,scattered clouds,49.78,-74.85,H√¥tel Op√©miska
593,Minab,IR,80.6,clear sky,27.15,57.08,ŸÅÿ±Ÿàÿ¥⁄ØÿßŸá ŸÖŸàÿ®ÿß€åŸÑ ÿ™ÿ±⁄©ŸÖÿßŸÜ€å
594,Moose Factory,CA,57.2,light rain,51.26,-80.61,Cree Village Eco Lodge
595,Petropavlovsk-Kamchatskiy,RU,59.0,broken clouds,53.05,158.65,"–û–û–û ""–ì–æ—Å—Ç–∏–Ω–∏—á–Ω—ã–π –∫–æ–º–ø–ª–µ–∫—Å ""–ü–µ—Ç—Ä–æ–ø–∞–≤–ª–æ–≤—Å–∫"""
597,Banff,CA,54.12,overcast clouds,51.18,-115.57,Banff Aspen Lodge
598,Boyolangu,ID,74.68,broken clouds,-8.12,111.89,Yos ega cv
599,Ocos,GT,84.2,broken clouds,14.51,-92.19,La Bajadita
600,Ugoofaaru,MV,82.18,heavy intensity rain,5.67,73.0,Ungoofaaru Inn
601,Bougouni,ML,71.91,broken clouds,11.42,-7.48,Non Stop
603,Preobrazheniye,RU,68.76,moderate rain,42.9,133.91,Campsite Orlan
604,Menongue,AO,60.42,clear sky,-14.66,17.69,Ritz Lauca
605,Jining,CN,69.57,clear sky,35.41,116.58,Yunhe Star Hotel
607,Stephenville,US,89.6,scattered clouds,32.22,-98.2,La Quinta Inn & Suites by Wyndham Stephenville
608,Maxixe,MZ,66.72,scattered clouds,-23.86,35.35,Oceano
609,Vaitape,PF,78.94,light rain,-16.52,-151.75,Conrad Bora Bora Nui
610,Shimoda,JP,75.0,broken clouds,34.67,138.95,Shimoda Tokyu Hotel
611,Alta Gracia,AR,59.0,scattered clouds,-31.65,-64.43,Hotel Ritz
612,Greenville,US,80.6,scattered clouds,35.61,-77.37,Holiday Inn Express Greenville
613,Smithers,CA,57.2,broken clouds,54.78,-127.17,Prestige Hudson Bay Lodge
614,Belmonte,BR,73.4,broken clouds,-15.86,-38.88,Pousada Monte Carmelo O P√£o
618,Zhanaozen,KZ,66.78,clear sky,43.3,52.8,K.korabay 28A
619,Toamasina,MG,64.4,shower rain,-18.17,49.38,Hotel H1
620,Brive-La-Gaillarde,FR,57.99,few clouds,45.25,1.5,Hotel le garavet
621,Richards Bay,ZA,64.11,broken clouds,-28.78,32.04,BON Hotel Waterfront Richards Bay
622,Xining,CN,50.02,clear sky,36.62,101.77,Super Leisure Hotel
623,Ilhabela,BR,70.16,few clouds,-23.78,-45.36,Ilha Flat Hotel
624,Alencon,FR,55.4,clear sky,48.43,0.08,ibis Alen√ßon
625,Maningrida,AU,75.25,broken clouds,-12.07,134.27,Dhukurrdji Lodge
626,Prince Rupert,CA,59.0,mist,54.32,-130.32,Crest Hotel
628,Cairns,AU,72.0,light intensity shower rain,-16.92,145.77,Mantra Trilogy Cairns
629,Faya,SA,69.8,clear sky,18.39,42.45,ŸÖŸÇÿ®ÿ±ÿ© ÿßŸÑ ŸÖÿ¨ŸÖŸÑ
630,Puerto Carreno,CO,84.2,scattered clouds,6.19,-67.49,Casa Hotel Victoria
631,Peniche,PT,68.0,clear sky,39.36,-9.38,Hotel Star inn Peniche
632,Tianpeng,CN,73.99,few clouds,30.99,103.94,Shuangliu Love Home Business Hotel
633,Termiz,UZ,68.0,clear sky,37.22,67.28,Intourist Hotel
635,Nhamunda,BR,88.14,broken clouds,-2.19,-56.71,Pousada Da Praia
636,Stolin,BY,57.22,broken clouds,51.89,26.85,Stolinskiy Khlebozavod
637,Catia La Mar,VE,87.8,few clouds,10.6,-67.03,HOTEL PLAYA GRANDE CARIBE
638,Mao,ES,73.4,few clouds,39.89,4.27,ARTIEM Capri
640,Christchurch,NZ,55.99,clear sky,-43.53,172.63,"Chateau on the Park - Christchurch, a DoubleTree by Hilton"
641,Iquique,CL,60.8,overcast clouds,-20.22,-70.14,Backpacker`s Hostel Iquique
642,Luanda,AO,71.6,broken clouds,-8.84,13.23,EPIC SANA Luanda
643,Finca Blanco,PA,75.2,thunderstorm with light rain,8.38,-82.87,Parque Infantil de Finca Blanco
646,Prainha,BR,78.24,scattered clouds,-1.8,-53.48,Hotel Bras√≠lia
647,Malvern,US,88.0,clear sky,34.36,-92.81,Americas Best Value Inn Malvern
648,San Carlos De Bariloche,AR,55.4,clear sky,-41.15,-71.31,Hotel Patagonia
649,Waddan,LY,76.55,clear sky,29.16,16.14,ŸÖÿ≠ŸÑ ÿßŸÑÿ¥ÿ±ŸäŸÅ ŸÖÿ≠ŸÖÿØ ÿßŸÑÿπÿßŸäÿ®
650,Abonnema,NG,74.66,overcast clouds,4.71,6.79,Corper's Lodge Obonoma
653,San Carlos Del Zulia,VE,81.97,clear sky,9.0,-71.91,CHS
654,Sarangani,PH,83.95,moderate rain,5.4,125.46,Ballistic Islet
656,Sibu,MY,73.4,scattered clouds,2.3,111.82,RH HOTEL (4 Star)
657,Parola,IN,79.5,broken clouds,20.88,75.12,"Krushana Papad & Shevai Kendra, PAROLA"
658,Kungsbacka,SE,57.99,shower rain,57.49,12.08,Hotell Halland AB
661,Gainesville,US,80.01,scattered clouds,29.65,-82.32,Wyndham Garden Gainesville
662,Bemidji,US,68.0,scattered clouds,47.47,-94.88,Hampton Inn & Suites Bemidji
663,Itatiba,BR,82.4,clear sky,-23.01,-46.84,Orion Hotel JWF Itatiba
665,Bandar-E Lengeh,IR,86.56,clear sky,26.56,54.88,⁄©ÿßŸÅ€å ŸÜÿ™ Ÿæÿßÿ±ÿ≥
666,Alappuzha,IN,77.81,broken clouds,9.49,76.33,Panoramic Sea Resort
668,Kasama,ZM,52.38,clear sky,-10.21,31.18,Kalebalika Cottages
669,Sadon,RU,64.4,light rain,42.85,44.0,Pik Turista
670,Nara,JP,82.0,broken clouds,34.69,135.8,Guesthouse Nara Komachi
672,Kampli,IN,75.88,few clouds,15.4,76.62,Government Hostel Kampli
674,Surt,LY,77.9,clear sky,31.21,16.59,City Hotel
675,Troitsko-Pechorsk,RU,51.93,broken clouds,62.71,56.2,Pechora Gostinitsa
676,Kailua,US,86.0,broken clouds,21.4,-157.74,Sheffield House Bed & Breakfast
677,Glenwood Springs,US,89.01,clear sky,39.55,-107.32,Glenwood Springs Cedar Lodge
678,Margate,GB,61.0,clear sky,51.38,1.39,Premier Inn Margate hotel
680,Linxia,CN,54.82,clear sky,35.6,103.21,GreenTree Inn Linxia Autonomous Prefecture Linxia Oxford River Avenue Express Hotel
681,Creel,MX,68.59,clear sky,27.75,-107.63,The Lodge at Creel Hotel & SPA
682,Pingyin,CN,79.0,clear sky,36.28,116.45,Meiyuan Hotel
683,Nola,IT,69.8,clear sky,40.92,14.53,Pamaran Hotel
684,Springdale,US,87.8,few clouds,36.19,-94.13,Springdale Inn
685,Davila,PH,77.0,few clouds,18.47,120.58,SITIO 3 DAVILA PASUQUIN
687,San Patricio,MX,89.6,broken clouds,19.22,-104.7,Hotel Cabo Blanco
688,Ilebo,CD,72.81,broken clouds,-4.32,20.58,H√¥tel des palmes
689,Banjarmasin,ID,77.0,scattered clouds,-3.32,114.59,Swiss-Belhotel Borneo Banjarmasin
690,Nova Dubnica,SK,59.0,light rain,48.93,18.15,Hotel Margit
691,Nianzishan,CN,59.43,clear sky,47.52,122.88,Wenhua Hotel
692,Valea Dragului,RO,73.0,clear sky,44.21,26.3,Domeniul Ion
693,Shache,CN,67.44,overcast clouds,38.42,77.24,Delong Hotel
694,Wamba,NG,70.79,broken clouds,8.93,8.6,Roma Zee Guest House Annex
696,Cradock,ZA,54.82,broken clouds,-32.16,25.62,Die Hoekhuis
697,Topolobampo,MX,78.8,overcast clouds,25.6,-109.05,Hotel Marina Topolobampo
701,Anupgarh,IN,89.51,clear sky,29.19,73.21,Setia Villa
702,Jiangdu,CN,78.01,clear sky,32.43,119.56,Yangzhou Bailemen Hotel
703,Portland,US,90.0,smoke,45.52,-122.68,Portland Marriott City Center
707,Ambon,ID,79.0,moderate rain,-3.7,128.18,Swiss-Belhotel Ambon
708,Zhangye,CN,65.41,few clouds,38.93,100.45,Zhangye Lvzhou Holiday Inn
710,Veselynove,UA,69.55,clear sky,47.36,31.23,–ó–æ–ª–æ—Ç–æ–π —Ñ–∞–∑–∞–Ω
711,Bonoua,CI,77.0,few clouds,5.27,-3.6,Hotel Bon Samaritian
713,Rzhev,RU,61.0,light rain,56.26,34.33,Hostel Na Razina
714,Malartic,CA,62.6,broken clouds,48.13,-78.13,Camping Regional De Malartic
715,Viedma,AR,55.99,clear sky,-40.81,-63.0,Hotel Cristal
718,Ayr,GB,55.4,few clouds,55.46,-4.63,Mercure Ayr Hotel
